linkID,venue1,venue2
9,mJ_ucQ2_3hfTsmCcKb-hgw,qXGKYRwCR9SLgLl0g_9o5g
135,y19xFolCozaRA-gGmHwkQA,F6c3D1o9Z4Tl6cDorb3WgA
434,R1GwW4C1gh2Nmue9K0WYVA,Ul6JwluSTm12PVDIqnNaTg
262,zzBa0pQjM1gov00bXjYYXg,3D6Uck9QSdxZKFstf5DGlg
383,U2d-meX4sVq0kiqcrpHt1w,vuDL_d3GYAtbvX9EJQqVog
212,FG8atOE15c8IoQH_hEb9zA,qNRyP8ItRICZOnKS4jf5ig
357,TTnUoYDCQoTfldLs3AuTDg,lDp4MbyQEj4-5kSM-4zRFA
233,bsXRu6wXmn_pRAGToCEPjQ,j54J0Ky4ruVbN_NTJ3daFg
189,e7UArDHjBreJ1r2aC-FHnw,kKwpmN6N2aHyvnle9lBNnA
441,WWVOO8Ha1CUwjFPJ6msihA,_gMGYbHVavRj5Uv8QgyWUw
333,-httBl6DSZiUtDX4SQWtag,cNz2tTTAPmdeAq6HnGeo8w
134,8mx_TpMhpFLdQi_K5aPdOg,YL-ZC82ChlQkkXajNovugg
491,vYHIKgPF_QyGcV8dY1uXVQ,XDFwX_-xr0J-aE90dmttfA
321,SpXBHrRfXJdocVkQa16zxg,1FodVSAxoKqEKYQc3QHgvg
132,KHcv9NDg6kKqgp5bUtyNBg,LE22v1tABBUOoZrLWgaYXw
2,Bk2fENDaxjFLsx2_W3XKAw,l1JDX-o0wCLykuh78R8Kng
228,N9JASBwB9kWtK0_EjTa1nw,S6T5R3BVm2JIV3E2Tvw5nQ
260,BLAtlgsCouJoaaZ-ddeG0Q,pC4MjGg8bV-eIUHRbe9WGQ
85,KxmPP8naiptphRDZNaQnMQ,sapNpiH9xilPqGhThDJZFg
204,3rcfcK2iFt3dSutBKXityQ,Hb717wjzx1Q7cVXQo1-u2w
426,2-jI4n2kVK9ltHS-WdnGUA,2-jI4n2kVK9ltHS-WdnGUA
377,1cGyzWtfOoDiE8V0OR85yA,hHgSUnDB9yIrxUEMSmsdoQ
277,Z5qUIUxv9XAjC1NPy5QUfw,RKVYQ00LvK0_FO6Ll7lvOg
101,guGPP-3ZsXdLNjtZDnR7tw,dMnAXZ3XPMNgAQ9BwXCFBA
12,qC6RM4DhD6ZaYigqEkbd2w,lNVg4jtfTEIAtOkA_0aEPQ
38,XhvrSZr0gvEsoxifBje_VA,rQ4qcvSy2MkMnidf9CweIw
395,mEOVr6mU6RSGqYtLzqf6RQ,OTSQq4ycH4NNhWIHcjnGaw
18,PGCmPHJdeAREQKYbhBMA5w,z4GLHQ2-o0p6Ia4q_4j4HA
147,4Zuyl_6omMkU06e9dJK3DQ,PBmMvDows5HWIqrEVvNfQQ
133,plHKBwA18aWeP-TG8DC96Q,RKVYQ00LvK0_FO6Ll7lvOg
392,HiHUTSxpyKhQqLFti3Xnzw,_XlO-uEB3ZMA19Q8Ljbipw
304,hFuhiLDa9uHjg4fZHjI8NQ,_VHU9KZUHRLp2Hc2JOKlYg
479,ly-slsCrHbIlCAc2dHXk5Q,s2s7K5_x-W6gbCvuhtI6lw
486,gvmhnxxuS6BrPoIuBYd6dw,u4sTiCzVeIHZY8OlaL346Q
241,r-Ey-JnNr2AI_mPJs80Eeg,BLAtlgsCouJoaaZ-ddeG0Q
177,id0K2DhGNocMRMoBcvCsyg,1qYCUtw6_ehv7u_FxiE8IA
53,Fozo0B-y42EhRMomR0K5vQ,7z2x16M7IuG8KPfMsyVrKA
466,MLVnaAgR3FD2O9mBTKDqoQ,93ZfzaU2Y3FDSW4-4EGvoA
419,sPUY_tuCU3lSWBeiZxyJ2g,FuT3Cp-uWLHzMTDi6vnwLQ
452,cAX-srNrvlifjfov_jpQ1w,nfJHNu_AQXptaTQIHjpAoQ
280,uf_tGNDLES2s1eD2pPCwJw,prZHC3I8JUI98n9iJVvDbw
124,QmoEAklpnjNEJKyM9Bj7gQ,ZMrku7LqVSeqPLADtkzJPg
140,ZARPISrzPW6PrMSwexHnxw,cHTQwW-xsBVfuat5IL3dsg
423,Voeq7aGDmCGMjE_SQiHwRA,QYlhQ9ivxXFSD7dE_1cy5A
443,FwA_uXKXQAmLOLzKc71GBw,b6DAp8hLHpSHMi2fGOB7Lw
478,OzG3vfUfLJF6dNLJe1_h4A,yPcAdikNrXEsfbHNBQUjkQ
295,ImD9jhFSAXWlTr8EHCwv9Q,PN4btVUz3l3FNmIeI75vnQ
22,w53w6IvO6EWZyh7VF12oJg,tgzwaYEVlDed3ofFb6P1IQ
176,_d7ySCr1d4k-NmDsdNTqgQ,ZNdV9ytExuxPTXSN8i2xhw
360,dRbmeC5hl211hH-WeMtv-g,8t8pZI5SAlYhd6UEIkAcSg
162,TDdJj53iJ3ph0Zy81R2HnA,j54J0Ky4ruVbN_NTJ3daFg
46,DwMCE7vxQV8isP0WDyA5OA,OvLLFRhZMOC4JemL-Rte8Q
14,8edTRAKWTzd0B_sfb8ekeQ,8dAmtiVtZjiRTmDq9QAW5w
119,BfIcrMq0Me0D7BBSYij7Fg,7l-CCyNnvT86GMR5EtYjog
144,2S58GSduz0wRzX8TVkvUQA,w2tr0PA0b3tg8pId0kjM-A
325,By5t_SapEX5TAxT9P4G24g,xYZefYQ777honVZnlcD3vQ
408,0lpT5sj09vUfDp5zUBwjIw,6hKY8sj-ikAQdzrkrBcvuQ
152,AxQpXcQvCnmCV0dai8I3ew,m59upQj5qUn-termmtxTYQ
365,JDF6Y7EBs8wf6LuydDIoJA,yiX5VCEFhO7MXlmbUPwr8Q
146,ykwGLizkYXRsYy79kDFAKg,_X8Hh_lBn11s2rhEUyhrUg
116,9nTF596jDvBBia2EXXiOOg,qIPQBPurlqbi07MmJ1kXTg
42,rsP1vgYOoCBlMn-b8BEdJQ,A21FJqt8jIE6w0hdzmvnmg
29,hODnmsq1kK6eA0VLbFQOVw,oeW0vIYd3rUnAPgmD4fEFg
410,F8_WdEVmUFTU1pTHBgikIg,CaETzvd1cA5mYaCReGAHjA
165,9yACFTyBd460lJD7YgYZZA,WRvFv4pi1yd3f_MXDftRkA
172,m59upQj5qUn-termmtxTYQ,iuOK9_SBaJ5y0xzu4Fy4IQ
442,KR89_v-jKxf4_l8h8k4jyQ,3H1I31BQeHO017Sg92Cbow
138,HjJp2tI4Xzs7MKyL31E0DA,bhVReN50h-lLfgIWA5Ovgg
154,JLbgvGM4FXh9zNP4O5ZWjQ,Yf74t_bR1mhRXY03IU6OhA
307,6Uv15dNmIxtPMB_1O2O1vA,Zu5aNXI0y0tFpB9so7BCHw
74,TQSBLQ7pIEqlP7NMjHZzBw,GFFNWhFNOyxtb3cq0I0sHQ
68,ccdcyzc1oSucd-qRlnYR0w,eVyEkAUx0BIFf_c1MVeUhw
273,Ta5co4lXtJqSgtj8RYFkIg,Oy228reHc1KcnY7qiyW9Rg
285,5gKqf35vz7fcijylrL90Og,G-IMm6jmNHtvRJO7VRjxuA
359,X-b4-QvZLENnf3yFwhpSXQ,DiSARzaWBeNyB4oU047TcA
37,Mv7N0bU56dhtoDP-m2JOow,qC6RM4DhD6ZaYigqEkbd2w
41,lKom12WnYEjH5FFemK3M1Q,8KJSfDRhAZjAs_rMDqem7w
103,Z3kIW43mXc1h1o6AxBhvZQ,ivugOYd-QcXVEfnm1OyqZA
156,UV2ZTN0X7JhW2A2jENsxrg,1A_qcD28xoNu5fEnh45YRw
229,LLTM6IdUJySJDjCwPoTVcA,rBko32y5vK13SD_sW3AG_g
438,Perap0eAyCbUx4r4rQTSnA,tmCLmE3yfILnCC1EwhJ8gA
7,UQRPRJTtGJiDLtYE-3A-Yg,GDXftPS1_fTJUtZkaEUDhA
77,aDHD7nASfqiQBB6YXy2aGA,oS96aJIHFWcFAlGHKKXjaw
211,LrnStcyN8cXs0RlyiVFTiQ,KMNDr5f2UwjxJbTHnidZ6w
453,yOTpEAqnsKYcnD4SlpFj3w,kJZbI8Va6Lvr7JRmf6u2FA
79,dd88S7tQtZeDce61KqcVyA,RKVYQ00LvK0_FO6Ll7lvOg
283,5JzXF2Uz3P1_Fo9xs83HuA,OPcGFLP_mRt9yvgP3ALXOQ
91,8MSzI-4KJHpGBLiILkrtVg,G32N8Tr2LyvHl4FnUTt5pg
186,JLbgvGM4FXh9zNP4O5ZWjQ,sMzNLdhJZGzYirIWt-fMAg
117,LtPnsCPkCb41VG5fQr18IQ,G-GcMq-iVEENhjG3z1lZhA
125,RJO2xSE6-M_z8_tzLvonfw,cfnYxbg2O9EfOcB0Vt-cyg
16,kiUGm22HJh5nXuJX5JIAcw,50KEvLtQl9Vv4YE1vs681Q
279,ydM6JUPDxKq7Z5tcd1z2cA,4CXnWcTTgwBkkcQT6_6ppA
373,WKlMFUCGI7dCysGkFLWvaQ,bdNyoXY4yJ99derJRqhP3Q
13,hcFSc0OHgZJybnjQBrL_8Q,4jswtizEiT3-ZMauIzWXxg
267,55hh7ytRsWTEPC-66KJqGw,ZGm80bxEJc8fqV65syCtDA
447,uEzodpjckhsVQFfsXpFR0w,N56-LiN3xp3xEQbl0oRHjg
196,MwjZPmEoWlHy1rp7qrmBsw,jBKJMUcMuBmHqe5_U7GQ0Q
15,TH00_IqhT0bx_ujIcjtZ3w,GVPEk8fvR7_46_5lYch_4A
431,Q4WmBfRD6rcTSXVZqjKC5Q,rBko32y5vK13SD_sW3AG_g
465,WSAN2er3DhaZ8ybNStxCbw,cm69oeX7xQ-fT2L3ixQ42w
255,JPrnP6WFNaS-aN4mt0tlwQ,uCKrHFoZKKN70LrlBzNEyw
323,LaRDgOcsS0A4CvfwKkX3lw,uf_tGNDLES2s1eD2pPCwJw
11,S_1VtaSWcMsWHSLN1gIk6Q,Xt6xo-UmJhYtHiscwRnw0A
81,AkL6Ous6A1atZejfZXn1Bg,5lTcS8XNX5oGvtCToJgPDg
231,TZpTyyGvQkKPnt59PVUGhg,EDg6FM7MYcNMoqrSoWXUUw
332,LQFmktF43j2NPncKdNd9mg,wZ_p4m78dKfSallYY2CEIg
3,mx842y7Jy06Fqt692YtsCg,Bpcy-FBFtNUQVoBGT_Xuog
45,e9KXojla4OuVP7qcC5LNsg,3xckG-BBA7_ozunrtFRU3Q
429,t8ix9wrySnC0Tf4-pI12qA,FAYfi28nIgjM-Rpf--c7_Q
409,fC8Rn7NwpO7BptlnKaju2A,LTF14u6dfIyJQ41P-FooiA
203,kYPp1nY3ftFTl9oAq8zxOg,kOgOqwII2AOVN1WPb94-jQ
185,2jqUYcKMYZXnpxNTkORJgQ,7wPrb7-7JBzLSzNgqLXiZg
20,qddBAMIQ40y-RqgP2XFd2g,sMJAUZNU6u4iNvpmaLgx_g
371,rlFEKTaUgQqN4O9ow3LO9w,JXf04dg9EBlkQFs5hf4QeQ
396,45wDLpgW2BFrCRqlf19Efg,aEsQU7YmlhisVHTSLadeDQ
153,bdNyoXY4yJ99derJRqhP3Q,bXCWON2Me0o86qvAb-XZPQ
483,MwSQOs1VMvTY122Rgh349g,toEpYp-Hv8fMc3dW6RcJqA
206,tFlIJLmHoptaJufjGABmUw,m_zeXzkj3btfvRJiPVw8Ug
316,LsjYGLrWe6psx1y5m2J-4A,XAM8bZWsEKBTzOeTOz2qEA
448,9MPLntyNzhdUXpGT-h0HUw,iY35AnV-Rf4nY81qkiMLag
398,j54J0Ky4ruVbN_NTJ3daFg,XNWXyFgCGaAwvg9QML2Ypw
92,xYZefYQ777honVZnlcD3vQ,2DTdx7V0F9IAS7sZQuwylA
463,FQ612QJpz_yax-kfFtfR1g,vGQxPGvI4QLtupSAxO8c7Q
390,hG-DApl-ua15fbIqav7-IA,L1Mb8BRkj69o74YEryCHNA
86,sMJAUZNU6u4iNvpmaLgx_g,0QThBvFYadl5_t4P_rKd8Q
352,_Oe8NDjmeYkkHFs7f8CekA,L1KkmY4vTgCrS1J5aUFMtA
310,qXGKYRwCR9SLgLl0g_9o5g,8cyyRk-cqecyB1ctnRsR1A
122,WOuE6HtLVTRothIN-zy4Pw,hfcO6wtFcjW6I0omoQKRLA
248,tcnu9ivUsuQUNiz944bpOA,jo-KUnLZs0M2RYIvi8-DPQ
271,q3WM390QvPS-ncZkj2oQlQ,H6skMpg_g-sOrfTQf_Q5LQ
87,RYBGhnFtyZGjlREEfcRFrg,ymsa3ReIbctz4IFmPUgWDA
219,kolFb44M7k9c0-tZL2D_Cg,2YjWX5CghdcXiA6iMxRLlg
314,rgohunOzrrrgdZcxkQzCgQ,MwjZPmEoWlHy1rp7qrmBsw
417,424wVlPZT25l2aOmoNAnvA,0RhEds8SRYme4TbWZLuUxQ
163,Hb717wjzx1Q7cVXQo1-u2w,lNVg4jtfTEIAtOkA_0aEPQ
150,cPYdwElCHVU794t-Cs0ToQ,9ga2IoOSpO3GW5_-vRdbZA
420,BtcxknU-6axQwOhXvv9xkQ,tIjoGxi2r6QvREucvQwZpA
23,f2FfutZhb4F-m1Ob0EdYaw,K8M3OeFCcAnxuxtTc0BQrQ
151,sz6_gKcHjtcpWKIZLXV85w,XItYW5ul3OW_AqpT2nDbBQ
265,BcLFIr4wtd3GQ3fnz15yDQ,3D6Uck9QSdxZKFstf5DGlg
293,BcLFIr4wtd3GQ3fnz15yDQ,yZ_wpRr4Svw8YRZ9voCgIw
350,ZwuHsufvw1x5rd2c-qyw2w,w8G4-90lW2iUyG4N6hF9zQ
269,97o_YWmBhIjHFW7QEjdHwQ,KMNDr5f2UwjxJbTHnidZ6w
252,oLSulsv7zuFuBL92wFssJg,uO_OX2DXmzo2c72YpbXe1A
291,NaYaHDiCTZn_ZE5vpNw-Xg,of-a3UqUN5iz-ttBf0knig
412,wN-dlJcAUYKGGmA0ku2skg,QCZwZLYHkTyYQDr6jdjKjA
149,n6zdQZhSoT81cCgbBIB4NQ,odfX0wO7fOyqa8oobxh96w
474,kDp-fv1DqX90xcOzsFGvQw,sCODuHnzNW_s4BuxtqTCBA
96,2jwpM5qhFCf8rpW1LeG7lA,kfSruEib4pDAflIVuh0bLw
312,BHmWj2gagqO0_UHMvgOydw,E4U8RCe42CpT3rtof7hEwQ
105,zjQY2zj5hrZJUCE8Nyu2Zg,cKDql3YTCVyh2ljA21yE2A
180,9O-PjeUlUGx0h1URxeSTCg,id0K2DhGNocMRMoBcvCsyg
308,syJDAay5Huu3QWL51El2cA,Xh8hTDnDDuCAqL2Ulmrq7A
26,jDqaz1jKdeWk_fTVCzc1Pg,33_Cw3Ln_-d2HapzS-uSyw
136,pajvV_6xebKIE7GBh4Z1xA,EcRrGG_fLW21uyyKhVLnyA
311,5DpltRkGtV8AnYOlIAt-qA,L95ppCbcWAt4LUWrCiEvPg
64,X8AGCsJHw-GuTqkzy2J3cg,ry9MaSq_tpNODhYoIyA42Q
128,kkD0tv_e5E6a8kRpLYEcaA,7odNqxZDSR6ZVgxjp2r39A
329,Fpm3WvqtrAg2ueh_4pz7iA,aSb4vkaMh7K2lHhnV2UIag
88,BcLFIr4wtd3GQ3fnz15yDQ,zjOfUAyqyH_BPe7EkFBrEQ
35,mrKS7K6ljEOwOFdnhPawCA,hHgSUnDB9yIrxUEMSmsdoQ
388,rrysQBMgpCqhDZuM34vvwg,YhBigRwAFdRPIQxWDjZOrQ
430,I8_IT1qNKwu9RNftlk-ufw,TrZVtAQivYyGDOQH46_aFA
195,Eg4FCWK8MEbqSGoPbWMuaQ,KmFK7lwy-TlFOosOncFLcA
379,rBko32y5vK13SD_sW3AG_g,56worzbzO-fnU-0WDuabQg
181,X2lgI8CuVEsH5UDs14rMhw,PmUOjwWNzM3mCawHDcqFUA
223,gXpGMGBAv1lfQEcPOzahag,xcmmTXhuMx2fZF2Bt69F4w
490,ymsa3ReIbctz4IFmPUgWDA,BcLFIr4wtd3GQ3fnz15yDQ
155,tu8u4SnLvW3mcTS_aRdQ_w,53-Y3Jw20QV6TeDkRjSyJQ
422,462vn0tiPlmWRcP71yYOTQ,naxK-J2Ll3Hawz3DDBsTNg
303,ndzT1maiVwpz-7VFFzAb5Q,VgWvHMs5TJ2lr0ec2DaMtQ
462,5wr_UtUUdF8L2UlaD1DhNQ,-Z_-e5aK6MdL7_CzM9bKPA
391,NU-PreAU7pY-YOFbD2h79A,exSX-Sa63Lh8lLtPCs_tqw
82,6G3t042U69yzZ99_yvY3_A,8Aaw_0k5-MEAoXY_M_dbCw
58,cHcYk5bJn3Nh9ARJjQVq8Q,S8urdN6ACnRQUm-7o9An8w
468,WUPEnedS_8si30yy4lwcAQ,_dqtEOTelXt9tfmP_9Ar6w
183,lKom12WnYEjH5FFemK3M1Q,GUriQoD_GHo6DNJlR1_CrA
492,N9n4bj5nnuvVgt8iyT5YVg,F8C6rgTCNcJNzXqKU6K9SA
389,7RkcQem9jJFxvVU5TSJMdw,0f_Ndu0Dg_1I75Suz55KHQ
374,yJwHl1SyJkAz7xOxtCnqjg,szCcTSAzXJgerKtBgBBW5g
306,wKlH90YB5RYFvJ8N3pstVw,BcWzHjolvYAWvum7ouqEDg
148,s1zpHlAq5oigPL6vHlOR2Q,QtyvwZi6JiloDNEEH_ZxLQ
208,HG3ROmv3FJZTMJPpThSXOw,wY3dlpLa0BHfDENYAPYuZA
461,DhBg6eDK9aXGcnWCPWfJTA,lrWEpfID45MvNTw1z5bCJA
427,-wrqyj4pfZxwSagh4NY0vQ,vIHEp4EbzDs8CtA-Tf3Mkg
89,MDjkBFRwr2Xo5QXERP5Tzg,2DTdx7V0F9IAS7sZQuwylA
247,rjBSbp38B9SH2IoZogLEcg,_OYcKHdahMYv38u5Mksi4A
224,P6HDtlj1GSu9UG2Aal2PPg,ZMx9_sQydPUj5KGvcm73Sw
84,GvBGYrTb6HKMA50TuVQztA,MeiK5f6nofFUfpexlfN2CQ
95,c5CWmwh0-WFIjn8_V2DECQ,nBVpVb8cj6ermyxZAVTu4w
319,0PCBt3JKD6IooicImKNBzA,ROeCBwuy5lfHUo8v0SMwSg
59,UvXoEGA3I-60r980E-fa_w,1M6tA3TqxcpptHW0_hP9Kw
236,mRZCTkOgDc28VWYMvo3nVQ,QzmfYNf6Ns5dUHRhINda6A
102,-HeqTxBMPTi3A7QuU5PvgQ,Oy9xDxD-JtUzSurhOhboLg
432,u-A9gv_Q8CwLgjK8nxFxbA,jeOll8b1paa_9JDyOi-kXw
120,3bNH-ttVOqxTCEROxhjOLg,U_Rnw9Q1MuWM6Ht8dEK7Pg
480,ZeLSZRm_l0Aw7idB3_fKbA,Fr5R5w74Xg7sKMlt4PPtHg
201,LQFmktF43j2NPncKdNd9mg,RThuRlhMdowhtY8vITEIzQ
344,lNFdYbYSy_RY05Pf0-HTAw,jebHH3zb0Ekt643R78rDGg
482,xA6L2w_TlbxHubb1xeBE8w,80-1hn5fAJXFsxuyLe0w7A
28,CAQ55UaTBvXMl1yEUJXr9Q,mqiHZYNXnMLaEK87JZOzmA
351,j3IEZP4nQAt7fkxmerLMbA,93ZfzaU2Y3FDSW4-4EGvoA
34,plHKBwA18aWeP-TG8DC96Q,2dNjePYVp2AVei4ZoSDaaA
455,oFEO_v5PONo1EQ88Wafd2g,aJwVO17rF28WPCWes9qCkA
126,dLc1d1zwd1Teu2QED5TmlA,uKpVcOgdJ5fAjp-wA43XLA
226,cKDql3YTCVyh2ljA21yE2A,VpsXhgaBA7-65Gt2zg8Nkg
51,MsFj3NTvmhYNYS8Ef8HwFA,_OovTBKcSGNp-sekNjoGPA
338,Ciz1XpW1M2AtCS-gqv8GBQ,wY3dlpLa0BHfDENYAPYuZA
454,c5CWmwh0-WFIjn8_V2DECQ,nuMmehPFS5kI1_C9bBlK5A
75,ejaUQ1hYo7Q7xCL1HdPINw,1dhPgc7E7IzzpxjHM2LphQ
234,CTiWs36A_sX3eahdqrYxUQ,mRZCTkOgDc28VWYMvo3nVQ
399,TFdLM8R_7Pf1xVeBNKl0hg,CaBeF2NnFT-nCt8ocbfCCg
289,9Rmuwj-13bFD7i6-TGCdKw,YeFDbJeQCyLLibc7yQQWYQ
418,HjJp2tI4Xzs7MKyL31E0DA,gvmhnxxuS6BrPoIuBYd6dw
230,ejaUQ1hYo7Q7xCL1HdPINw,VSNUFYBQ_wOFmRXZ8SeQ4w
191,TPKkbzqzjgFMMVGYdNNYtw,R7eLlAdeIYsxux_Vm0l5sg
335,Z2NIEKTVVP2nEmOF4jNxqQ,b0msQb_XuGypkChg1ijh5Q
94,K5TpAn-DLtZPn7ZZxJDD9Q,-wrqyj4pfZxwSagh4NY0vQ
475,oPvYovnl06fy5W0e51zjMQ,_FH3osvpPRnMv-K2u6ZM3w
284,5VtT9Pf7zOBP2OD5xaKLYw,hbU9i9ajkai8OnTMxiMThA
459,40RqHzPLHxDX53R0aTWcwQ,_anMkOs2LhCPvH8T1Q9Cdw
161,gXzQb8auHnhNxJ9EF2F-tA,744R6SNxZvdRHZTWmkGOdw
451,OaoMk96U-BdwqaPb5HUAjA,NV9ftiLhePO0bNE1z8y6qw
263,zFI3KgNgBxVVZIjICzMMoA,WO3P5BpPHYB-zbDgJZOuCw
298,mJ_ucQ2_3hfTsmCcKb-hgw,pHDLRIG2Xu1_1mkGAbyEmw
232,ENcFskQBkRciPCULZrqTzg,OvucNX8kYnYpIGzZSvhQzA
494,cn9XZhWdC2vQbIXHNLaDFA,0-03lre4kbBG4wLlwDi9Mw
320,hf_6wAfO9h7HN-P3bUr2MA,HyhtvjJiNm0P8pmAfw88Ow
40,CS7DuVN2YkWDU7aoeFj-og,5p60nXyjQruKvEZix6ahVQ
421,NrS4daTaivfO0AxT8-9Ung,EGHg2H4PteBZ8w2dff9v7g
499,6KnKTl4h-RjZfVjmrVyodQ,Dz48AHU652_zg43sBPRb9w
317,DbWXgA2kQH5K_XzkvluBGw,p_wPhw_MXIJhLEzkxtQt3Q
405,jZOiACYhr7wP0zNnQL4LFg,usFNFsaaHFxEbnBO4FaFHA
69,-CfqFIH6rxUxJL9gR-k_XA,hWzbOi1-eS8PmPyZRV8Lew
370,av_-ePHJwSSqMtTQbNoL7g,yhoCIkTwHihWejVqGYZ4rw
218,8B1Hi9253IICz8-5Aw5qrw,0QThBvFYadl5_t4P_rKd8Q
382,Jg4iMxNVtryk-Y7BbfebMQ,QmTb7f_oeM7o6DLIQ2I2Jg
425,mKqgZTqL4qooW0aw7IJScA,P1a2WApEoMb65s14RmqV2g
449,FM_JfwjnkGJw5PPuWHK6-g,LotwXDcHQmt4usltEvw_PQ
477,QxRKQ_Lzu4lMOejwVgcdAg,NtpdFakRhkqtQ85PIraSJA
437,VrN8EQAEElyJXvu2jdzQ_w,hFuhiLDa9uHjg4fZHjI8NQ
386,SHiJlYdxQmJur3i-gLf9MQ,XNWXyFgCGaAwvg9QML2Ypw
129,ImeQQr-P4PJBExMfeEpdAQ,NQHDN1JzG-heuyrSkT9R9w
270,d4ZB29APb1QbAnGLATFJ0g,jTlcLfsSDGnHcbjL1aD9Zw
198,F24HrvjZhwgiG4qT8GLJZA,5h7ra0kJKswSZEzbFSIpaw
313,jP07A_fgj-Q7UVYAG0SqGA,Bj8SZok_fBDxzHYE4Z_0kA
73,JlnDcCfvrmo_cv8OOzhuoQ,GOfZLTlXr4db-_zKr6SlmA
30,Czy8C0X-JYzmEvP_yLyoPQ,VYxW2QJHBEsPl_KUwd3aww
376,nDM3b0KwUUKlQ2Lz1bR9tw,KlmsNi7qiQgC6yznyA0M0g
4,Dupmn0hAPRE82e0ZttfRSA,GOIXvr3ffmmPLKIwVnILeg
309,qpjEu9iBBzIrBGCD-6ENMg,wY3dlpLa0BHfDENYAPYuZA
114,sLkqUj7FAKDWKOR5MvQjEw,kzCG-KC3YVrQs7l-0d0b1w
481,BrrQhMmsIHLqraZ1VuJ7Pw,VWtI26Mu69IrG0nugb23lg
47,0Db7vd1NK4wRKKaVyyvuJw,sid1Wu5Z4v6yiHacGZdUeQ
297,pgRaCEwOuWv1J9YhEKBXhw,hHgSUnDB9yIrxUEMSmsdoQ
300,cNCXUYQd3kFR_AyfjTejQQ,3kPqtmL3EdfhCwxfIHT_iQ
238,2VRVAhzefxIqjzbQ21LdHg,Xt6xo-UmJhYtHiscwRnw0A
52,YZvaybK5UzKMCnNQwsMrWg,agw-HMNWmkIML6obP-EBDA
433,8CCOH5A-ZNTgeK9rUOWejQ,3nDxqHvf7L5AdEAAeMaQAg
341,vwlD-QrL_13_3Gk7i3fqoQ,VeYWXO1AaqIwpnyPUMckxQ
361,MwsGayIlUkXQ46mkmV3jlA,1FDhJNAuPXRGbMi9x0muGA
168,g79Oko2vvKDU6PpdsNkZzw,SVBBmu5FddvnYNmbJLo6cw
355,LotwXDcHQmt4usltEvw_PQ,ddouZi236BpT15DzXjRHiA
60,REfM-TpPnDSpgAMB_puQbw,XjAb0mxgCtq96pWWJjUBAg
353,37ZUkggFxGPq9CHEIpKFbw,IhCgS63KdIuQC6I7qZJLzg
220,7mU3l5VjH1IxsXcxBxUblg,vMt33XElVfSFDB3yMY8-0Q
17,XuVosWbOWI8I2bLNS7oYyA,5oA6zlmJ4jQREDH6dNCq6w
488,sMJAUZNU6u4iNvpmaLgx_g,mt9mrG8wALTzD3YYGim3mQ
90,50XY4Y8-XJZrm-FlKQBmZg,e1lmVr0CJEwc8zigJjb_VQ
57,usFNFsaaHFxEbnBO4FaFHA,X88w0XrUSIKue9Vuwtqs_g
98,j3IEZP4nQAt7fkxmerLMbA,Zd9VJFJjfaadaJmCMFv-RQ
62,F24HrvjZhwgiG4qT8GLJZA,TFdLM8R_7Pf1xVeBNKl0hg
239,a-ZcynZic4jIrpf9Pp7yaQ,QcxB4grIr-bLSqqydTV6Ag
39,AGztN3eVZPqEWXlDM1A2dw,jemRU9DvmS0WGZuZ-k3jCQ
166,2F8povaKEaqieQhzFSKwQg,KY8J9dIOKD2vL0jdzUiuhg
275,TCL-2Mi_mZyHjEO9haiD2A,RWfKjRMjie6xZHvMbWhBlA
118,cHcYk5bJn3Nh9ARJjQVq8Q,CAQ55UaTBvXMl1yEUJXr9Q
384,5uUNZQrt1aue-S5trmjMqw,ly-slsCrHbIlCAc2dHXk5Q
249,XYLWw79LaA0gPwYF0Gm4Ww,4Sw949z60DupwinXF14IpA
182,gXpGMGBAv1lfQEcPOzahag,cWsgD-u_TvTohsx6LSi9aQ
178,4PsP9BzAI4nmO0i0bn6faQ,duLX4_JeYe8N6xNzs9l-hg
97,mhoCmyg9E5qPXY31zig78g,-j0CbYvlwuJ3Tfx__X38gA
143,SmkYLXEYhzwUZdS6TAevHg,zZ7KDK3GAkBUZzsaqB1A4Q
170,QZx8vWP9FiojherUMB9VuA,IDD-jWCIw52KdhUEk9x01g
242,OtXY4iRnA5M1g1L0hifEbA,rcccYhFcEBa8Tvkkf-zyhA
473,LXrSnbUlEnw_fI7A2Dpp9Q,l3i9ECjDR_rvS05MzHGoEQ
190,2wFoMN7J0_X42dUG3Qa3iw,KssqXkZ_D9kSsONH3AQeAQ
50,K3lYaKPdaBim-LCOcmi6Jg,mt9mrG8wALTzD3YYGim3mQ
413,ZxUgo2Nexm6IYbMdj3FlRg,oxABKl7Ol44cHxe7LfC-bA
331,7z2x16M7IuG8KPfMsyVrKA,AKQbrvRBZvU5kB9Ut4gVkg
278,L0DJ7-GUDMLIlIR-7vykvQ,3eexaenBq8HvkTiYjVl3Pg
227,tjSajNY1iVGktBUbkvycpw,RFoh5YBjtBHPSsZjocajhw
131,KTCYmgak5gOmTY837O41lg,e1UamnCdP9DdJRF6kOk80g
393,kiz4xELBxC8tQtr4uBtM3A,lLtUvQCx4HjZHFF9y_K-TA
258,oIaGvJYUwbsa3jB2L4J-bw,sMzNLdhJZGzYirIWt-fMAg
436,OMDwr7UnZrsjuocg3aLlMw,0pi1DQ3N8gC6jhdHfDWEMA
489,hNCKIrMJSacjMiWVwRb_YQ,YS1XX9AONq2hdBbU3T-uGw
158,XLfbVseu-LHlnQsHIMVZjw,vaASqT_yjBg2KETbGyasJw
127,L1Mb8BRkj69o74YEryCHNA,_VHU9KZUHRLp2Hc2JOKlYg
290,ndzT1maiVwpz-7VFFzAb5Q,8t8pZI5SAlYhd6UEIkAcSg
173,V5b5bwfNNJH0VRe0pftjIA,u5r_z283yq_aPSbQmrXOSg
24,8RC8xUo07sTIXI3FaqzYEA,yPcAdikNrXEsfbHNBQUjkQ
305,dQo2dPQyJE4avsILYYDCTA,wTjRn-n2wr6aLkNqFIuAGQ
25,fRFnNK4e8f9ggNA_HDaQ4A,vMt33XElVfSFDB3yMY8-0Q
343,R06sB4qk4dH8G7YRH0HslA,9cgrssqswYBSpvBAKc1-nQ
334,9YmWoqNThtkYTc72_N0zfQ,ckbDWYPT8TP7etP0WHU2Yg
6,6milF8sa2PoFsGo2H_vh-w,i17-RGooGWIad0y5YtaBtQ
378,QYlhQ9ivxXFSD7dE_1cy5A,P1a2WApEoMb65s14RmqV2g
487,Een2yret0IwJUpHLwcxtRg,WgLblCyfY0Nc35d_wJzRGw
259,L95ppCbcWAt4LUWrCiEvPg,x5G0GUkGnlWtM49Qe4nHog
460,85nvKTJSN8byoeGRxzGkug,2jwpM5qhFCf8rpW1LeG7lA
327,xeCqEmjQi0M0dlf4DXcugA,cNz2tTTAPmdeAq6HnGeo8w
243,26fxaH4i_P1PALGplFtdhw,nMUSAPBxlvR8PBPDEsV52g
336,JQ6NlXQGXvQZ4P-b5HXd9A,JG9YJqslJuU3Dim3wmakQg
387,3rcfcK2iFt3dSutBKXityQ,s0HXXbiItSvVQBLvyckeRA
363,YaGOexmueYIe8ivO-R75Ng,7odNqxZDSR6ZVgxjp2r39A
253,wpzkGgrlnw2jt1awC9aNMQ,_zFva1D3lgJPvT-8vGQQJQ
121,uO_OX2DXmzo2c72YpbXe1A,X8AGCsJHw-GuTqkzy2J3cg
1,50KEvLtQl9Vv4YE1vs681Q,mseBBgYcqyv6T1sfrXI-XQ
467,bj4HQpsD6FrCygTcJpivBw,0QThBvFYadl5_t4P_rKd8Q
202,yfYmLtWX6W4767sMxFpjKg,Iam7tYWhssw_rscSBkeRIQ
145,MKYcOZSpMwJK7uwacK13EA,rBko32y5vK13SD_sW3AG_g
397,BcLFIr4wtd3GQ3fnz15yDQ,CsbNmQqu9dKFrgcIItevYA
251,RSAeqTx82wSZXF6ptK5fYA,cbddL2q8uRA38RwycB0FJg
188,woXlprCuowrLJswWere3TQ,xYZefYQ777honVZnlcD3vQ
70,GYuRMJZfWMg4SZD5RfOSzw,_pin42tJ3sYWueME0jl8Gg
324,c2YDEpYQ-2IqB57tN0HKbQ,uxC9OVoio_IFDvs63MjcIg
315,gXpGMGBAv1lfQEcPOzahag,YgO2v1VNtbPA7zgp0szJXA
250,Z3kIW43mXc1h1o6AxBhvZQ,EDg6FM7MYcNMoqrSoWXUUw
194,ODTI9W7fHMKNWZ3g8VcFUg,jpcNlUthmvO5FKavaXFrug
66,bywPKk3pvRBxwMWrFVD7Lw,Q8tTVs1pTC27iYmOBkdPXw
67,3iaOYhNoc6XL935MqnxJSQ,1w6_xrdhVD-y-DBYpv0YCQ
496,LQFmktF43j2NPncKdNd9mg,mG5gV8OWUTp21vLQqmoFFQ
266,2MQLD5la1kE6n0-DcIVu7g,MPLhOV-JbmntkbcXMyCODg
264,3GuqcEYaF1d1WXcwOX5xPw,u2s_aIR9nBJnI4AiCpCyFQ
282,IKA-wA459qPdRh7Bgl90ow,o1fTwfqN0sDFNpV1CkOPPg
0,XrPESuWKDCSq55F9NBQVbg,VFHLE5JrE9shcHHzAieG4Q
472,PEWqLRLzzUIeucqYdkjxYA,0PCBt3JKD6IooicImKNBzA
216,Ha0eA5EgGLAD39iOR81Dcw,TY_kMmCM_3JSs14NFUvO_g
139,HM8zaHcswoJWqIsePnxW7A,3Y1aarSNp2KVCDS3r1EXpw
476,a7xD9CEepfivEZAKrCEPbw,uNBVnx12y-cRYSxukmTfnQ
493,F8_WdEVmUFTU1pTHBgikIg,0PCBt3JKD6IooicImKNBzA
354,749lGtWM9PsrWonlVY4W2w,3H1I31BQeHO017Sg92Cbow
444,uEzodpjckhsVQFfsXpFR0w,5xv0xjcRUzP-Zb6CKBOceQ
362,eW6HLU-M3xJOpGyKLrWxUg,OC0bM6UZpK-yB80hMBeDEA
65,K2C8dSx9215LLcIzHL959Q,O8LGIntnNi4tgMyPQT2myg
174,2NffWBxDYAws9CYRgvPi1Q,VGxJbglGlx-a7Gdc55Q6jQ
215,5ibArVDuhcaumtxa37eUFg,oU85qrzI4m65PLqfhiSYEA
411,_CaDSAHTx6_7NecybwyzBw,xIhvXZPel8MZ4NFzoqGYxg
356,E4uunCOBjqk57GzGbXyGpA,lJqXFy85dCmKmlW6Z34Reg
222,ZwuHsufvw1x5rd2c-qyw2w,qQvHYQ1uocuEnFcUdhxV_g
193,1jPLv-vyjPSvtl2ntSfdgA,Wc94kBgappa9fz_2Pwez7A
141,2utAqL8JkdKVHgvhlR34eA,ZYof0WYlilJ3pgWNSgmYKQ
123,rgohunOzrrrgdZcxkQzCgQ,NtpdFakRhkqtQ85PIraSJA
458,uEzodpjckhsVQFfsXpFR0w,trpUpkB4lxReIhfr60hlww
221,czJKX4DmZR_1JeRmPcnmbQ,_gMGYbHVavRj5Uv8QgyWUw
292,9MPLntyNzhdUXpGT-h0HUw,l1JDX-o0wCLykuh78R8Kng
33,jFUD1nx7eet2h5jGEe1DBQ,at2nIj0vgXltU_yNL3YjHQ
440,UkylJaNbvMENvL61dgwdLg,vxFrGfeQCtc5AzPKkMHHgA
406,SwUwlW4dkad_X-BIMmKCZw,jCzNmrVS5yS3t-z8c9z_LQ
27,hcFSc0OHgZJybnjQBrL_8Q,wfMKTK50XpYOlc9UfLiaXQ
268,I26PLVBABlTcUJ8pq08p_g,u4sTiCzVeIHZY8OlaL346Q
369,5JzXF2Uz3P1_Fo9xs83HuA,3Kcq4_6RAhltAO6ZVgVygQ
164,bXCWON2Me0o86qvAb-XZPQ,Z1XXRz6n1XGauj88W2LL_w
10,VpsXhgaBA7-65Gt2zg8Nkg,uYzaARioENSfB9Y9Gk2PDA
19,IKA-wA459qPdRh7Bgl90ow,Ld36YvJgDgMmsQ2PgX35Cg
294,RBiJRcNC7NoDf-XYMFrCBg,DnPSuD9IZa6LQ-t4fgWiUw
159,a7xD9CEepfivEZAKrCEPbw,SvCjBtbN1cKElDKPTw9dOA
450,hsRjct8UiUHU54B983GmcA,dU_sBV0jWEpqbcF9avIjww
403,MPLhOV-JbmntkbcXMyCODg,kWcAfYg-60hpIUEUSzWjHQ
179,0OkfU0vDBprsIEd5hWuhAQ,bI635MOr8t-yQ6nm_LCC6Q
281,ZwuHsufvw1x5rd2c-qyw2w,-HeqTxBMPTi3A7QuU5PvgQ
339,JFkY8zMcD_HLGcFTlxiV2Q,IdHIcxCFq84evujUVNcB5w
400,Xn6T7Xs7-KjZDHsz0fUlCg,1RECFIhw6tdiP4l3smu6Kw
167,P6HDtlj1GSu9UG2Aal2PPg,TZpTyyGvQkKPnt59PVUGhg
209,uXft-y53ujmlAt0SH-5KYg,OpoA5j5ohq8UqXpsyAXxpw
244,X-aqEYlXcWQj0fp6aGDP8A,J5JzAUd2wzyArZ-qHT0A4A
157,-EX863eYHS-cutthfYhG7A,qC6RM4DhD6ZaYigqEkbd2w
137,jXn7XhKmO85jSwETgtFvJA,BpJDI4Fj92lLNALQQeLvLg
254,dFO-m5EkCYXr3kztC1d1aA,LqEZNMIsJOWUWSxdHHCBig
404,Cvzt440DVh7EHbLT69wbvw,1fbOsfcPpdHIkWa3egdIZg
175,ZMx9_sQydPUj5KGvcm73Sw,XMNdO9lFw3lSPO4gCH_qvQ
366,XXeUL5wkL_2N2RRksZs49Q,7GvOhqdl1EeSnvWQ0NH9mQ
367,1RECFIhw6tdiP4l3smu6Kw,sc__kdcFV4IcNTfBx1707w
484,1FDhJNAuPXRGbMi9x0muGA,92rpAUG_KI8lndU5obe1Uw
439,ejaUQ1hYo7Q7xCL1HdPINw,VVCi2_DIeRYZ9r5fez0KIA
61,AMGe9WK6bxiEkTYNj_cx0w,hTZGMEKTtaY0wwB-czFxxA
318,kiz4xELBxC8tQtr4uBtM3A,0Q0v-eDzWtaySg7cbVi0yg
83,JBrwWVhNm8PFhTOVkuXk4Q,GIzHC2PUrWC6_50C8R0CUA
36,2-jI4n2kVK9ltHS-WdnGUA,lNVg4jtfTEIAtOkA_0aEPQ
415,pc1hCh6Y6UKuyUHqqg1kTw,BLAtlgsCouJoaaZ-ddeG0Q
93,5eKk8dA1QtKaQr_5i_SCRw,SGapZBbSgSYY3fziaskULQ
347,LbuanqODVEi5Mh37b0A-XQ,O4-yHHUYMYaiOVsgg8ImUw
192,_89bhQB_KjkJxTBn1A6iPA,PdKoeg9Rh_1BefgUXTDIbg
256,-aB6x1uPyKW-o11T8Ou2LQ,YS1XX9AONq2hdBbU3T-uGw
108,6uC5vFCKYW8bbqXhpc1MlA,N9CvUl14LQvGfcT74a7YVg
349,jTlcLfsSDGnHcbjL1aD9Zw,xZfPdAYeimiruXuGR4nSUA
112,fykyDLOPBKphKy9fmZ4Kgw,gldPX9ANF5Nic0N7igu2og
240,5Z-vw4_w-I1Z9XcbCkmCfA,z15C-dJodOlPO8bMBl6F8g
76,50pVtN734QXvtRh6IDiapw,50pVtN734QXvtRh6IDiapw
54,dMd3UP8HlYqvW4tzRJoU_g,8dAmtiVtZjiRTmDq9QAW5w
301,bI635MOr8t-yQ6nm_LCC6Q,9USb9h_Kon-4okrzDg6ONw
106,woXlprCuowrLJswWere3TQ,TjJdpI5XX2zwHmXQbnEWeQ
328,1fbOsfcPpdHIkWa3egdIZg,wY3dlpLa0BHfDENYAPYuZA
245,i39--wZD6L9hm9Lg90Uziw,1vXAeVpQPF_2ai__lMmUIw
142,5OV1bavavdsYyfeBRNiOeA,UQtV1plcxfLTlvKeLPv63Q
495,T-HObwAoesLAwiyR4Lvfmg,Nu8GiyEZoKjkkKU13Fythg
31,qTsSY0m4wlfhqGrUVWdA8A,aeurY5Hm38-TVX8ZyZf03A
497,lRfteK8D_8pfoFTk4ZuOqw,6Xeu6Uf-Yiti-P30A2ErsQ
184,Voeq7aGDmCGMjE_SQiHwRA,ZNdV9ytExuxPTXSN8i2xhw
445,v43qggsvaezDlZSC_IGJIg,w3ujIvCOpd_7wHbKeFyWjA
485,kWwm_fHthKL-xIykOrR93A,q2y2K9RwT954oQGgeNAu1w
200,lKom12WnYEjH5FFemK3M1Q,MPLhOV-JbmntkbcXMyCODg
380,nfJHNu_AQXptaTQIHjpAoQ,ZNdV9ytExuxPTXSN8i2xhw
214,YzqV61exMv__mjobBV2g7g,rwDJu_c584TV4CqPAwu3ZQ
296,7D2RrBZkD6DiEwhDljzuKw,BOH4c0di3p91s9Wqxsh9iw
498,qT8nS-YU_mXL-bzBeiNXKQ,P4lfCI0WSaVoA2VFdsZRiQ
210,qY3ziCRiekzShJMROicIlQ,JDcksYUU2I3Ew85KMd822w
235,YzqV61exMv__mjobBV2g7g,ccdcyzc1oSucd-qRlnYR0w
302,ju3wDAy8lWNAgS6rgsHmNA,Oy9xDxD-JtUzSurhOhboLg
63,erx8tQ0Wdc5YM0FddaKqKA,XgkTmVrlHHO5g96AfOAfpw
274,FZpyIiCAsr7Twkw4tQeqPA,IDD-jWCIw52KdhUEk9x01g
424,aSb4vkaMh7K2lHhnV2UIag,1cGyzWtfOoDiE8V0OR85yA
385,VFv7NcPW9ajUTLleJ8wOQA,L4r6klm7FG4QBbNe8gu5-A
107,MKYcOZSpMwJK7uwacK13EA,gXpGMGBAv1lfQEcPOzahag
113,F24HrvjZhwgiG4qT8GLJZA,OQvChaBImI8X5B3aai8btg
407,78jHxNL8wHMSq_j8KF9exA,VObfskmUmh8vdpx60lruOw
276,2VRVAhzefxIqjzbQ21LdHg,7mOWMhlibS62hedb1m5A3Q
381,3n685UjMonF4fjBcILXkJg,av_-ePHJwSSqMtTQbNoL7g
435,Z2NIEKTVVP2nEmOF4jNxqQ,zZ7KDK3GAkBUZzsaqB1A4Q
109,P9LAh1yahQqntqTlXIVPnw,Iaj67sDwd3qD-bQkG46H6Q
416,oLSulsv7zuFuBL92wFssJg,LNAI2hGXzAFq_9KFwpdshg
287,EWJbWp3oOwDsv4Lo5eZWxw,7GvOhqdl1EeSnvWQ0NH9mQ
130,J7r1lw3Yv9PnXC5EHH4CUQ,HMja0LgKco-PcSAdWhyRPA
330,rQXzCp-vsVpsPWFZX6Ua9w,sgeH1aWYynK1BQiouCTMtw
326,FLLpzuZh6d-UNWWph9M36g,d8sa2rNeam32L5ZZeKTL2w
364,VhEWjWUrcHFFNAyZN-TzyQ,ReFz1RaR94UkpFTOinK-fA
322,0yFe_kQiynisvahzVuq6Mw,bywPKk3pvRBxwMWrFVD7Lw
21,8B7A5KqrrbxOlCX66hqfOg,NoF90rswXBHESSyDaWeKKA
100,i39--wZD6L9hm9Lg90Uziw,7U73RqIg6JA0WThxWUV3uA
375,34P9LyV0J-q_HwLksrgyuw,oeW0vIYd3rUnAPgmD4fEFg
457,3QjiGhHHneNMqT4wq0uwhg,DCmme5WPcUEU7zRCo5jSCw
414,vie0RmEbY8qqLjTgt0Uweg,kyR8dEUADlFm474LtIUZZQ
213,K04Pbn_5-xNidh0-xkI9vw,jppxrDQLXr4Nk8cV7IGlcw
43,jDqaz1jKdeWk_fTVCzc1Pg,OPcGFLP_mRt9yvgP3ALXOQ
32,3_4b09_Sbsvu3MfzL510GA,wcmwxLp53B21f_eZhzSF7g
456,i39--wZD6L9hm9Lg90Uziw,QGPQp5VsRcP5Ma0ekCgj2Q
197,bGz6ulpHAOhE5tIKBchsGA,id0K2DhGNocMRMoBcvCsyg
115,qddBAMIQ40y-RqgP2XFd2g,CwfeDdtVKcUEg_thGOlWAg
207,0PCBt3JKD6IooicImKNBzA,K1fjQO9sT_cQWaL6nbTG6Q
80,m97IAdTNu9qoHsVJn2A5ug,K4lruao6uX8UpYNqlyQhSQ
446,9MPLntyNzhdUXpGT-h0HUw,YKvRkkluFUMCsFwUyp3SVw
286,IlkzevKMF1hGYEbrd04J5A,Mvp-L-oticTTsr14GH-jnw
48,8VFjKdMN1pJR7Ze3joXIHA,-7teXSpi9nqy58WUd-8yfw
237,gXzQb8auHnhNxJ9EF2F-tA,u4sTiCzVeIHZY8OlaL346Q
358,Qz9-fpNz3ytqzCLvFcQhkg,Uylbni1gZLU9NYI2gwQKdQ
257,rreIYrzI9U052p7nN_qogA,D_pwairtGGR0V_w2xx5XeA
340,q4_dkVlS4KEAJOEJlNv5Pg,NSBiCz9CRowb6uwpC3vZrQ
199,YfKZh6Op-PmuKyzZu_DMGQ,x_DjeSEMkJkFHzSTfKYHvA
217,B7g7myDZhJ9gks9xkyb6Lg,VAi90YmGh93IjkdE9v87DQ
464,28EJ38U2GnW6ePPw9OKcVA,q3KkavNYpcsgbdfeImYzKw
469,BcLFIr4wtd3GQ3fnz15yDQ,fiRbomFAAtfTYOTTtnDUcA
205,HHZjRxXt6OzwnhZ7AxtLHA,-x2NjuDTiphKwCixSrv_SQ
5,hiJJ6BcQjlPybA2_fGp6CA,74O-ZufCco3hBcMQc3Vf8Q
78,zFI3KgNgBxVVZIjICzMMoA,-7H-oXvCxJzuT42ky6Db0g
394,lKom12WnYEjH5FFemK3M1Q,hcFSc0OHgZJybnjQBrL_8Q
72,av_-ePHJwSSqMtTQbNoL7g,dLc1d1zwd1Teu2QED5TmlA
470,ysJo5Jdo29XOBCnKrbUKWg,cxVp-a28Cp7lavjaPMvK5w
401,VSNUFYBQ_wOFmRXZ8SeQ4w,wUr4HeEhhPeiFb7UmiYRzg
169,CipRVpM7YzsE-9U9wf2YNQ,k2wKGAnlSb4n5WT694GcTA
428,vblct6rMen0wyOqGEy-pNQ,2wU2cdWiKegJujTliMJx0w
345,FGL0dGh9450_SEtDNlU3Cg,YVlNo_aIX0CNp4R7ZAKbFg
342,gXzQb8auHnhNxJ9EF2F-tA,x2LoVVm5VQRjSgeM15CLow
372,ebgCzdUOElNJirj6eFuXiw,1Vbt1GsmtQm2dkC4A2L_-g
56,rjBSbp38B9SH2IoZogLEcg,IlkzevKMF1hGYEbrd04J5A
55,trioKWMz0NsM9v4cqmUQkg,nsArgMbR3i7g90UVG1anjw
104,PNgDXioOLZ1aMFMihkdMBQ,oLSulsv7zuFuBL92wFssJg
110,X-b4-QvZLENnf3yFwhpSXQ,CaETzvd1cA5mYaCReGAHjA
49,oThEv_zXRR8OySXFnu0ftA,u0F9WJbECpg5fEesAx94xA
471,49sbCG7F2jvqJsfG6-N8Rw,sc__kdcFV4IcNTfBx1707w
171,Rga9falBmjqzHROfJaivMg,G6VObb0dJpcUV9hLCrHHOQ
337,eJcFCVwKr-EJ1RWcuSpjAg,xr86J9_b5G5w5lRr-NvgZw
346,z15C-dJodOlPO8bMBl6F8g,GGEeGKUez_pGqYXtk-sKvQ
402,5oA6zlmJ4jQREDH6dNCq6w,wdhrZm2mIiRk3qsCDC_HvQ
246,9yRS-SNzkfmThx2JJoilwA,BskUTTscZ1XGa9ev7TlfeQ
111,JTKzGJvIK9yuoUf-erV2qQ,z52UIMVsYhfttfOP2H9VYg
160,YL-u3yHX3XFIfllDJSWH_Q,mq6GsJaSp6w1xpb-KRujbA
71,1XdWZTPXPRRaE0SsEbHcQQ,73kfzRoJTrwFRdY1ohrE6A
99,QqbZA4r5g1vCbOxOAKJgWg,k2wKGAnlSb4n5WT694GcTA
44,lKom12WnYEjH5FFemK3M1Q,5sDHHzWw3S0HgIbdzR-8BQ
272,ukB1l0o0MfPtE5GoUzJnIg,ZYL14FvffzTKU9BpXQt79Q
8,lSXICOY3Z0cumuwpJEco0A,Z5LyFZUazPQ1x_i6HsS3vw
299,Aec2zpXw8O5bsO3qEG5NZQ,szlIcLQE7K-1JuKeJIRKsQ
261,WKPm5nCLjmF3ph1kyhyBTA,XGdgYagiqxTKbkd5vRtTVg
225,aSb4vkaMh7K2lHhnV2UIag,bQ-sXUqPSr4-iJfB764Nzw
288,6p39JCOx1L054G9jM10-5g,xwEYTGJ_82ScbpXcheqqQw
348,6WItftahZ9lNFJxfDPSJ0Q,XPmZnhnx0YeN8Xvo7y2xsA
187,GUriQoD_GHo6DNJlR1_CrA,1w6_xrdhVD-y-DBYpv0YCQ
368,CTiWs36A_sX3eahdqrYxUQ,X8wK-tnwx9ATKhQ7q39ILw
